Category,Total_Profit
Furniture,16980.77119999998
"Office Supplies",120489.8864000001
Technology,145387.0965999999
