State,Total_Sales
California,450567.5915000007
"New York",309453.63299999974
Texas,169553.63180000003
Washington,136590.17199999996
Pennsylvania,114911.23700000002
Florida,88876.883
Illinois,79009.2869999999
Ohio,76617.64499999993
Michigan,75991.58400000002
Virginia,70309.08999999998
