"Customer ID","Customer Name",Total_Sales
SM-20320,"Sean Miller",25043.05
TC-20980,"Tamara Chand",19052.217999999997
RB-19360,"Raymond Buch",15117.339
TA-21385,"Tom Ashbrook",14595.62
AB-10105,"Adrian Barton",14473.570999999998
KL-16645,"Ken Lonsdale",14175.229
SC-20095,"Sanjit Chand",14142.333999999999
HL-15040,"Hunter Lopez",12873.297999999999
SE-20110,"Sanjit Engle",12209.438000000002
CC-12370,"Christopher Conant",12129.072
