Category,Avg_Sales
Furniture,353.4459311957568
"Office Supplies",121.69225531914947
Technology,454.5405475802047
