"Customer Name",Total_Sales
"Sean Miller",25043.05
"Tamara Chand",19017.847999999998
"Raymond Buch",15117.339
"Tom Ashbrook",14595.62
"Adrian Barton",14355.610999999997
"Sanjit Chand",14142.333999999999
"Ken Lonsdale",14071.917
"Hunter Lopez",12873.297999999999
"Sanjit Engle",12209.438000000002
"Christopher Conant",12129.072
